Title,SEO Keywords,URL,Description
Neon Ugly Sweater Lookbook,ugly christmas sweaters neon glow,https://uglyglow.com/collections/ugly-sweaters,Neon ugly sweater outfit ideas that steal the holiday spotlight.
Family Matching Glow Set,family matching christmas sweaters led,https://uglyglow.com/pages/family-bundle,Make family photos pop with LED-trimmed sweaters.
Office Party Ugly Sweater Guide,office ugly sweater contest ideas,https://uglyglow.com/blogs/news/office-ugly-guide,Win the office party with light-up sweaters and punny props.
Pet Friendly Ugly Sweaters,pet christmas sweater with lights,https://uglyglow.com/blogs/news/pet-uglyglow,"Let your dog sparkle with safe, removable LED accents."
Holiday Gift Guide for Millennials,holiday gifts millennials ugly sweater,https://uglyglow.com/blogs/news/gift-guide,Curated glow gifts for the friend who loves nostalgia.
DIY Ugly Sweater Glow Tips,diy add lights to sweater,https://uglyglow.com/blogs/news/diy-glow,Upgrade thrift finds with our LED glow kit.
UglyGlow Signature Neon Details,uglyglow signature neon review,https://uglyglow.com/products/uglyglow-signature-neon,Get the scoop on our best-selling neon sweater.
Kids Ugly Sweater Party Ideas,kids ugly sweater party ideas,https://uglyglow.com/blogs/news/kids-party,Throw a kids’ glow party with crafts and cocoa.
12 Days of Ugly Calendar,christmas countdown activities family,https://uglyglow.com/pages/12-days-calendar,Downloadable calendar packed with daily glow challenges.
Glow Club Membership Perks,vip holiday shopping club,https://uglyglow.com/pages/glow-club,"Exclusive drops, early access, and perks for members."
How to Wash LED Sweaters,how to wash led sweater safely,https://uglyglow.com/blogs/news/care-guide,Step-by-step care guide for light-up knitwear.
Matching Couples Ugly Sweaters,matching couples christmas sweaters led,https://uglyglow.com/collections/couples,Rom-com worthy matching glow outfits.
Live Try-On Replay,ugly sweater try on video,https://uglyglow.com/blogs/news/try-on,Watch real customers compare fits and glow levels.
Sustainable Holiday Sweaters,sustainable ugly christmas sweater,https://uglyglow.com/pages/sustainability,Ethically knit sweaters with recycled yarn blends.
Glow-up Gift Wrapping Ideas,creative christmas gift wrap neon,https://uglyglow.com/blogs/news/gift-wrap,Wrap gifts in neon vibes using our Glow Wrap kit.
Ultimate Ugly Sweater Playlist,ugly sweater party playlist,https://uglyglow.com/blogs/news/playlist,Stream our Hallmark-meets-dancefloor playlist.
Holiday Zoom Party Tips,virtual holiday party ideas sweaters,https://uglyglow.com/blogs/news/zoom-party,Host a virtual glow party with games + backgrounds.
Glow Photo Booth Props,ugly sweater photo booth props,https://uglyglow.com/blogs/news/photo-booth,Printable props for the ultimate glow photo booth.
Last-Minute Ugly Sweater Shipping,last minute ugly sweater shipping,https://uglyglow.com/pages/shipping,See shipping cutoffs and express options.
Glow Challenge Contest Rules,ugly sweater challenge rules,https://uglyglow.com/pages/uglyglowchallenge,Enter our #UglyGlowChallenge for cash + prizes.
